{"cameraMode":{"drawMode":0,"name":"Shaded","section":"Shading Mode"},"sceneLighting":false,"audioPlay":false,"sceneViewState":{"showFog":true,"showMaterialUpdate":true,"showSkybox":false,"showFlares":true,"showImageEffects":true,"showParticleSystems":true},"in2DMode":false,"pivot":{"x":-0.7109999656677246,"y":0.0,"z":-2.1649999618530275},"rotation":{"x":-0.37767574191093447,"y":-0.009172817692160607,"z":0.0037327951285988094,"w":-0.9258723258972168},"size":0.7071244120597839,"orthographic":false}