{"cameraMode":{"drawMode":0,"name":"Shaded","section":"Shading Mode"},"sceneLighting":false,"audioPlay":false,"sceneViewState":{"showFog":true,"showMaterialUpdate":true,"showSkybox":false,"showFlares":true,"showImageEffects":true,"showParticleSystems":true},"in2DMode":false,"pivot":{"x":86.17950439453125,"y":263.2027587890625,"z":-342.27069091796877},"rotation":{"x":-0.201276496052742,"y":0.4755033254623413,"z":-0.1127552017569542,"w":-0.8489019870758057},"size":552.3342895507813,"orthographic":false}