{"cameraMode":{"drawMode":0,"name":"Shaded","section":"Shading Mode"},"sceneLighting":true,"audioPlay":false,"sceneViewState":{"showFog":true,"showMaterialUpdate":true,"showSkybox":true,"showFlares":true,"showImageEffects":true,"showParticleSystems":true},"in2DMode":false,"pivot":{"x":0.417836993932724,"y":-5.022030353546143,"z":5.762354850769043},"rotation":{"x":-0.348328173160553,"y":-0.009285824373364449,"z":0.003442060435190797,"w":-0.9373078346252441},"size":5.672920227050781,"orthographic":false}