{"cameraMode":{"drawMode":0,"name":"Shaded","section":"Shading Mode"},"sceneLighting":false,"audioPlay":false,"sceneViewState":{"showFog":true,"showMaterialUpdate":true,"showSkybox":false,"showFlares":true,"showImageEffects":true,"showParticleSystems":true},"in2DMode":false,"pivot":{"x":-189.5897216796875,"y":-29.364410400390626,"z":129.7891387939453},"rotation":{"x":-0.36020156741142275,"y":-0.3068227171897888,"z":0.12675829231739045,"w":-0.8717871308326721},"size":304.5670166015625,"orthographic":false}