{"cameraMode":{"drawMode":0,"name":"Shaded","section":"Shading Mode"},"sceneLighting":true,"audioPlay":false,"sceneViewState":{"showFog":true,"showMaterialUpdate":true,"showSkybox":true,"showFlares":true,"showImageEffects":true,"showParticleSystems":true},"in2DMode":false,"pivot":{"x":2.501621723175049,"y":0.1035919189453125,"z":15.977838516235352},"rotation":{"x":-0.1378016173839569,"y":-0.030603433027863504,"z":0.004257579799741507,"w":-0.9899666905403137},"size":13.526111602783204,"orthographic":false}