{"cameraMode":{"drawMode":0,"name":"Shaded","section":"Shading Mode"},"sceneLighting":false,"audioPlay":false,"sceneViewState":{"showFog":true,"showMaterialUpdate":true,"showSkybox":false,"showFlares":true,"showImageEffects":true,"showParticleSystems":true},"in2DMode":false,"pivot":{"x":-0.041750311851501468,"y":4.79198694229126,"z":7.5620503425598148},"rotation":{"x":-0.11885357648134232,"y":-0.20633384585380555,"z":0.025250284001231195,"w":-0.9708924293518066},"size":2.5923821926116945,"orthographic":false}