{"cameraMode":{"drawMode":0,"name":"Shaded","section":"Shading Mode"},"sceneLighting":false,"audioPlay":false,"sceneViewState":{"showFog":true,"showMaterialUpdate":true,"showSkybox":false,"showFlares":true,"showImageEffects":true,"showParticleSystems":true},"in2DMode":false,"pivot":{"x":145.3057403564453,"y":223.56759643554688,"z":-67.46502685546875},"rotation":{"x":-0.03179171681404114,"y":0.02607814036309719,"z":-0.0008462812984362245,"w":-0.9991259574890137},"size":290.48260498046877,"orthographic":false}