{"cameraMode":{"drawMode":0,"name":"Shaded","section":"Shading Mode"},"sceneLighting":true,"audioPlay":false,"sceneViewState":{"showFog":true,"showMaterialUpdate":true,"showSkybox":true,"showFlares":true,"showImageEffects":true,"showParticleSystems":true},"in2DMode":false,"pivot":{"x":1515.0068359375,"y":-493.3148193359375,"z":764.7835693359375},"rotation":{"x":-0.19167812168598176,"y":-0.3874920904636383,"z":0.08270205557346344,"w":-0.8979050517082214},"size":1240.679443359375,"orthographic":false}