{"cameraMode":{"drawMode":0,"name":"Shaded","section":"Shading Mode"},"sceneLighting":true,"audioPlay":false,"sceneViewState":{"showFog":true,"showMaterialUpdate":true,"showSkybox":true,"showFlares":true,"showImageEffects":true,"showParticleSystems":true},"in2DMode":false,"pivot":{"x":556.3026123046875,"y":285.9150695800781,"z":-58.671234130859378},"rotation":{"x":-0.1378016173839569,"y":-0.030603433027863504,"z":0.004257579799741507,"w":-0.9899666905403137},"size":296.7267761230469,"orthographic":false}