{"cameraMode":{"drawMode":0,"name":"Shaded","section":"Shading Mode"},"sceneLighting":false,"audioPlay":false,"sceneViewState":{"showFog":true,"showMaterialUpdate":true,"showSkybox":false,"showFlares":true,"showImageEffects":true,"showParticleSystems":true},"in2DMode":false,"pivot":{"x":480.9058532714844,"y":271.0875244140625,"z":7.0},"rotation":{"x":-0.22718791663646699,"y":0.07062312215566635,"z":-0.016530662775039674,"w":-0.9711323976516724},"size":1.1827459335327149,"orthographic":false}