{"cameraMode":{"drawMode":0,"name":"Shaded","section":"Shading Mode"},"sceneLighting":false,"audioPlay":false,"sceneViewState":{"showFog":true,"showMaterialUpdate":true,"showSkybox":false,"showFlares":true,"showImageEffects":true,"showParticleSystems":true},"in2DMode":false,"pivot":{"x":2.744563341140747,"y":1.8388012647628785,"z":10.93958854675293},"rotation":{"x":-0.2585331201553345,"y":-0.30710726976394656,"z":0.08707474917173386,"w":-0.9117215275764465},"size":0.3073950409889221,"orthographic":false}