{"cameraMode":{"drawMode":0,"name":"Shaded","section":"Shading Mode"},"sceneLighting":false,"audioPlay":false,"sceneViewState":{"showFog":true,"showMaterialUpdate":true,"showSkybox":false,"showFlares":true,"showImageEffects":true,"showParticleSystems":true},"in2DMode":false,"pivot":{"x":169.04714965820313,"y":113.32086944580078,"z":94.40248107910156},"rotation":{"x":-0.14323318004608155,"y":-0.08835640549659729,"z":0.012831540778279305,"w":-0.9856393933296204},"size":190.98170471191407,"orthographic":false}