{"cameraMode":{"drawMode":0,"name":"Shaded","section":"Shading Mode"},"sceneLighting":false,"audioPlay":false,"sceneViewState":{"showFog":true,"showMaterialUpdate":true,"showSkybox":false,"showFlares":true,"showImageEffects":true,"showParticleSystems":true},"in2DMode":false,"pivot":{"x":320.0052490234375,"y":239.91282653808595,"z":0.000687815248966217},"rotation":{"x":-0.2799749970436096,"y":-0.015269076451659203,"z":0.004443187266588211,"w":-0.9598603844642639},"size":0.6686273813247681,"orthographic":false}