{"cameraMode":{"drawMode":0,"name":"Shaded","section":"Shading Mode"},"sceneLighting":false,"audioPlay":false,"sceneViewState":{"showFog":true,"showMaterialUpdate":true,"showSkybox":false,"showFlares":true,"showImageEffects":true,"showParticleSystems":true},"in2DMode":false,"pivot":{"x":487.56463623046877,"y":270.77618408203127,"z":-188.28648376464845},"rotation":{"x":-0.03179171681404114,"y":0.02607814036309719,"z":-0.0008462812984362245,"w":-0.9991259574890137},"size":28.678817749023439,"orthographic":false}