{"cameraMode":{"drawMode":0,"name":"Shaded","section":"Shading Mode"},"sceneLighting":false,"audioPlay":false,"sceneViewState":{"showFog":true,"showMaterialUpdate":true,"showSkybox":false,"showFlares":true,"showImageEffects":true,"showParticleSystems":true},"in2DMode":false,"pivot":{"x":538.1014404296875,"y":296.3216247558594,"z":-201.80824279785157},"rotation":{"x":-0.0539061576128006,"y":-0.11745597422122956,"z":0.006369260139763355,"w":-0.9915673136711121},"size":40.62794876098633,"orthographic":false}