{"cameraMode":{"drawMode":0,"name":"Shaded","section":"Shading Mode"},"sceneLighting":false,"audioPlay":false,"sceneViewState":{"showFog":true,"showMaterialUpdate":true,"showSkybox":false,"showFlares":true,"showImageEffects":true,"showParticleSystems":true},"in2DMode":false,"pivot":{"x":539.9924926757813,"y":300.35150146484377,"z":-5.581874847412109},"rotation":{"x":-0.08960673958063126,"y":-0.11269906163215637,"z":0.01018912997096777,"w":-0.9895016551017761},"size":93.25691986083985,"orthographic":false}