{"cameraMode":{"drawMode":0,"name":"Shaded","section":"Shading Mode"},"sceneLighting":true,"audioPlay":false,"sceneViewState":{"showFog":true,"showMaterialUpdate":true,"showSkybox":true,"showFlares":true,"showImageEffects":true,"showParticleSystems":true},"in2DMode":false,"pivot":{"x":676.4456787109375,"y":364.3446350097656,"z":-179.4810791015625},"rotation":{"x":-0.22914926707744599,"y":-0.028618931770324708,"z":0.006725779268890619,"w":-0.9729287028312683},"size":177.68788146972657,"orthographic":false}