{"cameraMode":{"drawMode":0,"name":"Shaded","section":"Shading Mode"},"sceneLighting":false,"audioPlay":false,"sceneViewState":{"showFog":true,"showMaterialUpdate":true,"showSkybox":false,"showFlares":true,"showImageEffects":true,"showParticleSystems":true},"in2DMode":false,"pivot":{"x":-0.8015679717063904,"y":0.4306841194629669,"z":-2.0557684898376467},"rotation":{"x":-0.11848755925893784,"y":-0.02621423825621605,"z":0.003126906231045723,"w":-0.9925934672355652},"size":0.407124400138855,"orthographic":false}