{"cameraMode":{"drawMode":0,"name":"Shaded","section":"Shading Mode"},"sceneLighting":true,"audioPlay":false,"sceneViewState":{"showFog":true,"showMaterialUpdate":true,"showSkybox":true,"showFlares":true,"showImageEffects":true,"showParticleSystems":true},"in2DMode":false,"pivot":{"x":3.553896903991699,"y":1.4546051025390626,"z":4.938423156738281},"rotation":{"x":-0.1534692496061325,"y":-0.6077612042427063,"z":0.12116999179124832,"w":-0.769646167755127},"size":4.466025352478027,"orthographic":false}