{"cameraMode":{"drawMode":0,"name":"Shaded","section":"Shading Mode"},"sceneLighting":true,"audioPlay":false,"sceneViewState":{"showFog":true,"showMaterialUpdate":true,"showSkybox":true,"showFlares":true,"showImageEffects":true,"showParticleSystems":true},"in2DMode":false,"pivot":{"x":3.6290764808654787,"y":1.2921326160430909,"z":4.3812456130981449},"rotation":{"x":-0.1534692496061325,"y":-0.6077612042427063,"z":0.12116999179124832,"w":-0.769646167755127},"size":4.883358955383301,"orthographic":false}