{"cameraMode":{"drawMode":0,"name":"Shaded","section":"Shading Mode"},"sceneLighting":false,"audioPlay":false,"sceneViewState":{"showFog":true,"showMaterialUpdate":true,"showSkybox":false,"showFlares":true,"showImageEffects":true,"showParticleSystems":true},"in2DMode":false,"pivot":{"x":314.6474914550781,"y":242.89190673828126,"z":12.471596717834473},"rotation":{"x":-0.17341668903827668,"y":0.009448500350117684,"z":-0.001676894724369049,"w":-0.9847862124443054},"size":1.1825659275054932,"orthographic":false}