{"cameraMode":{"drawMode":0,"name":"Shaded","section":"Shading Mode"},"sceneLighting":false,"audioPlay":false,"sceneViewState":{"showFog":true,"showMaterialUpdate":true,"showSkybox":false,"showFlares":true,"showImageEffects":true,"showParticleSystems":true},"in2DMode":false,"pivot":{"x":490.2928161621094,"y":268.0389404296875,"z":-0.487396240234375},"rotation":{"x":-0.06320767849683762,"y":-0.04280518740415573,"z":0.0026971471961587669,"w":-0.9970505237579346},"size":160.34127807617188,"orthographic":false}