{"cameraMode":{"drawMode":0,"name":"Shaded","section":"Shading Mode"},"sceneLighting":false,"audioPlay":false,"sceneViewState":{"showFog":true,"showMaterialUpdate":true,"showSkybox":false,"showFlares":true,"showImageEffects":true,"showParticleSystems":true},"in2DMode":false,"pivot":{"x":-2.4529812335968019,"y":3.6121020317077638,"z":2.5091967582702638},"rotation":{"x":-0.2585331201553345,"y":-0.30710726976394656,"z":0.08707474917173386,"w":-0.9117215275764465},"size":1.5823121070861817,"orthographic":false}